date,temperature,rainfall,humidity,solar_radiation,cloud_coverage,wind_speed,wind_direction
2023-11-25,11.54,0.0,62.86,196.16,54.55,6.65,51.25
2023-11-26,23.67,4.34,60.65,225.01,41.73,7.26,175.91
2023-11-27,21.59,5.08,50.48,171.87,41.33,8.5,53.35
2023-11-28,24.59,0.0,78.7,203.89,77.71,8.91,155.32
2023-11-29,21.67,0.0,67.97,197.19,2.6,7.04,211.34
2023-11-30,22.41,0.0,71.31,222.61,37.39,7.0,248.28
2023-12-01,13.63,0.0,77.79,193.94,63.11,7.62,172.34
2023-12-02,16.04,0.0,72.98,212.76,46.73,7.03,101.06
2023-12-03,11.18,0.0,66.75,245.26,52.85,11.44,203.11
2023-12-04,10.57,5.19,71.25,235.21,56.91,13.49,169.57
2023-12-05,21.14,0.0,70.38,226.07,55.28,8.14,186.01
2023-12-06,15.46,5.21,83.37,250.79,55.88,9.19,85.49
2023-12-07,10.9,0.0,85.41,231.12,23.58,9.3,131.4
2023-12-08,11.79,4.77,76.52,246.43,36.82,10.48,72.06
2023-12-09,19.3,0.0,77.7,260.24,21.75,9.28,143.92
2023-12-10,15.58,0.0,80.9,216.4,51.06,7.49,139.1
2023-12-11,12.59,5.15,71.06,237.16,37.92,7.72,161.82
2023-12-12,14.57,4.53,79.29,258.39,54.9,11.89,60.87
2023-12-13,18.62,0.0,70.84,272.41,23.5,7.56,105.46
2023-12-14,16.28,0.0,72.9,256.29,45.52,7.83,99.2
2023-12-15,10.81,5.05,71.83,244.89,45.68,9.15,178.45
2023-12-16,12.76,4.56,63.26,253.41,24.01,7.97,170.52
2023-12-17,8.46,0.0,70.63,243.99,13.42,11.96,86.0
2023-12-18,12.86,0.0,76.55,253.78,22.66,8.08,212.21
2023-12-19,16.43,0.0,72.77,245.79,0.0,10.57,12.74
2023-12-20,9.66,0.0,64.41,287.51,43.45,10.53,59.72
2023-12-21,10.83,0.0,69.34,299.6,43.04,8.5,218.35
2023-12-22,19.4,0.0,84.03,285.56,13.74,9.18,11.05
2023-12-23,11.37,5.2,72.1,249.97,52.47,9.39,86.33
2023-12-24,6.98,0.0,61.52,257.11,55.97,7.8,195.91
2023-12-25,12.73,5.16,69.59,276.86,26.64,8.09,116.87
2023-12-26,11.14,0.0,66.51,286.82,41.48,8.67,51.7
2023-12-27,15.93,0.0,79.8,279.31,36.44,13.76,123.13
2023-12-28,13.52,0.0,91.09,283.02,22.03,9.94,160.21
2023-12-29,17.21,3.76,83.24,258.77,0.0,9.65,182.47
2023-12-30,11.06,11.58,73.27,272.89,18.17,8.63,177.01
2023-12-31,9.01,0.0,75.9,270.54,14.35,8.22,129.8
2024-01-01,9.67,0.0,83.87,289.63,9.84,12.52,207.85
2024-01-02,13.54,0.0,66.77,286.08,11.88,10.35,173.0
2024-01-03,9.69,0.0,73.87,295.42,25.66,8.91,248.86
2024-01-04,17.04,0.0,70.75,298.07,9.22,9.58,229.15
2024-01-05,8.56,0.0,81.88,312.7,20.46,10.08,111.44
2024-01-06,12.23,7.75,76.69,339.77,15.08,10.84,182.35
2024-01-07,14.67,0.0,66.56,311.1,40.67,8.12,99.3
2024-01-08,14.64,0.0,76.6,290.17,12.82,9.13,112.57
2024-01-09,15.31,3.52,75.68,329.0,16.05,9.46,127.56
2024-01-10,16.52,4.93,78.64,315.07,22.53,8.04,109.7
2024-01-11,15.59,4.29,67.09,300.61,24.1,9.35,184.97
2024-01-12,11.0,0.0,82.35,324.24,24.41,7.95,151.25
2024-01-13,11.23,0.0,77.59,296.21,15.6,9.09,55.31
2024-01-14,14.68,0.0,78.41,328.98,9.36,9.8,66.87
2024-01-15,14.17,0.0,83.68,317.12,28.32,8.91,94.15
2024-01-16,9.68,0.0,78.94,269.46,20.54,8.84,98.65
2024-01-17,16.01,5.88,73.6,324.95,17.05,16.43,133.5
2024-01-18,17.82,5.79,83.86,297.09,28.85,10.05,202.76
2024-01-19,9.64,0.0,79.86,352.97,0.0,9.98,136.08
2024-01-20,10.55,4.07,72.39,313.93,2.45,11.86,200.16
2024-01-21,11.54,0.0,81.31,311.43,11.48,11.44,185.66
2024-01-22,18.16,0.0,70.27,355.95,34.22,11.89,120.11
2024-01-23,13.54,0.0,79.8,356.51,0.0,13.38,129.75
2024-01-24,17.14,0.0,71.17,340.85,12.69,17.0,164.75
2024-01-25,15.05,4.35,82.28,334.07,12.63,10.16,159.38
2024-01-26,15.28,0.0,80.38,325.17,0.08,9.77,177.95
2024-01-27,15.35,3.68,64.7,284.48,7.06,9.09,43.71
2024-01-28,8.74,0.0,71.75,364.14,0.0,11.58,207.17
2024-01-29,13.2,0.0,80.55,344.0,4.92,11.5,347.05
2024-01-30,15.23,0.0,71.84,340.16,14.19,11.18,116.12
2024-01-31,12.98,0.0,69.47,299.43,24.37,15.14,137.57
2024-02-01,10.76,0.0,72.01,328.6,14.41,8.69,177.47
2024-02-02,10.36,5.77,70.28,364.43,0.0,8.53,214.95
2024-02-03,7.31,5.17,75.3,371.24,1.4,8.01,166.75
2024-02-04,17.97,4.18,85.71,315.81,7.42,12.17,235.78
2024-02-05,10.47,4.08,74.82,309.06,13.77,9.27,78.45
2024-02-06,7.6,0.0,73.18,340.39,0.0,10.02,195.55
2024-02-07,16.46,0.0,74.56,335.37,17.23,8.05,177.31
2024-02-08,11.21,4.08,61.33,373.89,0.0,8.12,139.41
2024-02-09,14.5,0.0,80.78,368.49,7.37,8.08,80.57
2024-02-10,5.86,0.0,94.6,313.92,0.0,8.49,104.35
2024-02-11,18.52,2.77,66.1,351.46,9.33,11.84,137.21
2024-02-12,7.32,2.55,64.07,361.27,0.0,8.24,237.29
2024-02-13,7.9,0.0,80.98,336.78,0.0,8.72,179.0
2024-02-14,16.0,0.0,72.77,329.07,4.68,8.08,131.1
2024-02-15,17.68,3.41,80.13,335.53,0.0,11.52,42.69
2024-02-16,12.22,0.0,83.13,357.79,0.0,8.86,89.81
2024-02-17,12.49,3.3,67.27,321.15,18.44,7.86,59.3
2024-02-18,9.49,3.16,69.03,340.87,0.0,10.13,24.65
2024-02-19,17.41,0.0,67.6,355.36,2.09,8.23,109.29
2024-02-20,15.66,0.0,80.31,357.78,0.0,8.75,141.93
2024-02-21,12.75,0.0,81.86,334.91,5.54,10.73,100.9
2024-02-22,12.21,0.0,78.71,349.98,0.0,9.12,122.88
2024-02-23,14.72,0.0,67.12,336.74,0.0,10.39,210.01
2024-02-24,17.43,0.0,70.0,353.54,7.88,9.78,121.06
2024-02-25,12.1,2.3,81.36,337.38,0.0,10.37,122.03
2024-02-26,4.95,0.0,65.42,375.24,0.6,8.51,256.21
2024-02-27,13.03,1.97,71.22,316.9,0.0,10.08,232.59
2024-02-28,8.21,0.0,57.45,296.09,0.0,11.5,199.45
2024-02-29,12.69,0.0,87.35,340.46,0.0,9.67,140.06
2024-03-01,13.34,1.85,77.78,360.72,0.0,7.63,78.59
2024-03-02,19.24,0.0,65.27,367.61,0.0,8.14,144.22
2024-03-03,23.14,0.0,58.94,345.85,0.0,8.99,37.26
2024-03-04,23.49,3.57,75.17,344.11,6.32,9.46,125.4
2024-03-05,12.65,1.72,53.63,337.28,1.26,8.43,137.49
2024-03-06,19.5,0.0,57.18,374.57,0.0,7.65,42.95
2024-03-07,14.19,0.0,66.8,382.55,0.0,7.3,178.63
2024-03-08,23.03,0.0,51.15,330.1,0.0,7.46,118.59
2024-03-09,23.14,0.0,84.31,364.37,0.0,9.61,136.36
2024-03-10,24.06,0.0,78.06,345.76,0.0,9.4,46.01
2024-03-11,21.17,1.96,75.47,366.33,0.0,13.17,146.49
2024-03-12,27.68,0.0,63.89,396.35,0.0,8.17,92.13
2024-03-13,15.37,0.0,84.2,355.19,0.0,7.26,94.18
2024-03-14,13.92,0.0,52.42,377.11,0.0,8.48,64.17
2024-03-15,21.7,1.49,70.74,385.36,0.0,9.43,76.71
2024-03-16,22.35,0.0,52.61,338.91,0.0,7.41,83.44
2024-03-17,19.77,0.0,69.95,349.79,0.0,14.62,3.96
2024-03-18,21.87,0.0,57.72,373.56,0.0,7.27,104.26
2024-03-19,12.46,0.0,70.56,350.44,0.0,7.03,108.31
2024-03-20,16.62,0.0,72.04,355.89,0.0,12.69,309.07
2024-03-21,22.49,0.0,65.54,315.98,0.0,7.87,119.92
2024-03-22,13.83,1.36,65.47,318.62,0.0,8.79,135.3
2024-03-23,11.74,0.0,74.83,312.27,0.0,7.79,195.04
2024-03-24,14.83,0.0,56.4,320.4,6.05,9.4,242.53
2024-03-25,22.97,0.0,75.18,341.73,17.59,10.24,271.41
2024-03-26,21.17,1.79,68.71,342.75,0.0,7.27,91.3
2024-03-27,17.83,0.0,67.17,304.52,7.84,8.67,128.52
2024-03-28,22.75,0.0,58.74,313.46,0.0,8.56,166.14
2024-03-29,19.7,0.0,53.94,310.91,0.0,6.46,146.17
2024-03-30,15.28,2.22,53.04,308.41,0.0,9.62,83.34
2024-03-31,13.01,1.26,73.24,304.97,0.0,7.93,142.73
2024-04-01,23.51,0.0,69.66,309.54,0.0,7.69,121.57
2024-04-02,20.59,0.0,77.93,344.56,0.0,8.16,80.65
2024-04-03,20.38,3.22,58.04,316.86,0.0,8.96,37.14
2024-04-04,21.42,0.0,57.14,350.77,4.83,9.99,100.72
2024-04-05,21.71,5.11,48.69,304.5,0.0,9.55,55.3
2024-04-06,10.99,0.0,70.92,305.48,7.53,6.36,176.9
2024-04-07,24.43,0.0,62.32,326.31,3.52,6.4,135.39
2024-04-08,19.2,0.0,74.74,316.8,0.0,9.91,248.15
2024-04-09,19.27,0.0,62.31,289.07,0.0,7.95,122.59
2024-04-10,17.54,0.0,56.65,288.51,0.0,8.46,163.14
2024-04-11,12.85,0.0,61.47,341.2,0.0,13.29,130.71
2024-04-12,17.08,0.0,67.35,303.88,0.0,6.86,83.3
2024-04-13,20.14,0.0,72.97,299.36,0.0,6.63,73.66
2024-04-14,12.7,0.0,68.92,294.44,0.0,6.97,157.6
2024-04-15,22.64,0.0,61.46,319.65,0.0,7.94,60.75
2024-04-16,8.56,2.31,57.22,275.89,20.42,7.75,159.94
2024-04-17,16.25,0.0,68.42,286.02,1.6,7.11,85.88
2024-04-18,20.02,0.0,64.4,314.47,0.0,7.81,113.13
2024-04-19,24.95,0.0,71.65,287.34,2.32,5.86,134.95
2024-04-20,13.15,0.0,60.95,272.09,0.0,6.87,264.52
2024-04-21,17.5,0.91,59.27,277.0,0.0,10.83,137.27
2024-04-22,20.43,0.48,49.57,283.76,0.0,5.43,232.55
2024-04-23,15.91,1.25,59.6,276.11,0.31,9.92,100.72
2024-04-24,15.19,0.0,72.56,280.08,0.0,8.56,204.0
2024-04-25,11.29,1.02,72.32,279.89,7.73,5.38,189.3
2024-04-26,14.46,0.0,62.16,256.75,2.68,9.85,155.91
2024-04-27,22.72,0.0,70.92,266.65,0.0,10.92,115.11
2024-04-28,20.73,4.48,58.22,256.68,8.04,5.41,79.04
2024-04-29,21.78,0.0,60.51,274.64,0.21,6.14,48.74
2024-04-30,22.96,2.27,61.6,266.8,0.0,10.11,96.5
2024-05-01,18.29,1.4,60.29,280.68,0.0,6.11,79.33
2024-05-02,21.59,0.0,69.56,274.44,17.78,9.99,137.97
2024-05-03,22.34,0.0,61.63,290.16,13.83,4.7,31.35
2024-05-04,23.79,0.0,74.68,262.72,0.0,5.08,73.89
2024-05-05,12.96,0.0,64.14,274.37,3.08,4.7,186.4
2024-05-06,23.27,0.0,76.48,215.17,5.45,5.43,111.69
2024-05-07,23.06,0.79,73.81,248.64,26.77,4.95,187.8
2024-05-08,16.67,0.0,63.72,250.41,0.0,11.39,32.7
2024-05-09,18.78,0.0,59.03,225.73,0.0,6.14,2.98
2024-05-10,14.87,1.72,64.93,212.16,2.17,5.47,68.94
2024-05-11,12.95,0.0,50.09,221.49,4.32,6.05,149.55
2024-05-12,18.96,0.0,68.58,179.82,10.44,6.44,83.79
2024-05-13,19.41,0.0,79.96,216.16,12.28,4.38,209.53
2024-05-14,19.48,0.0,76.25,259.86,0.0,4.45,82.1
2024-05-15,17.36,0.0,70.39,226.19,0.0,4.87,113.11
2024-05-16,24.92,2.68,49.14,247.6,22.54,4.88,163.11
2024-05-17,22.48,0.0,80.02,237.4,0.0,6.55,86.6
2024-05-18,18.17,0.0,73.32,231.83,28.91,5.88,214.15
2024-05-19,17.69,0.0,54.5,196.12,23.67,3.92,100.51
2024-05-20,23.74,0.0,48.2,219.51,5.18,3.91,172.84
2024-05-21,20.37,0.0,71.61,227.17,38.25,5.79,155.79
2024-05-22,23.28,0.0,57.76,220.17,0.0,6.05,95.38
2024-05-23,20.94,0.0,74.69,232.89,14.4,4.68,224.43
2024-05-24,14.75,0.81,68.29,202.81,9.1,4.46,100.03
2024-05-25,18.32,2.43,65.34,205.16,0.0,3.8,110.07
2024-05-26,15.74,0.0,72.26,231.41,11.79,4.08,161.97
2024-05-27,18.99,0.0,62.21,174.05,2.93,4.75,154.1
2024-05-28,16.03,0.0,73.83,162.86,20.02,3.51,88.91
2024-05-29,14.21,0.0,70.22,202.69,5.16,9.83,163.53
2024-05-30,20.77,0.0,61.05,209.3,15.86,3.78,201.85
2024-05-31,22.99,0.0,54.55,188.58,23.4,11.46,223.95
2024-06-01,28.9,1.15,42.73,168.34,0.0,6.61,243.93
2024-06-02,23.28,5.39,45.55,182.61,10.95,3.36,279.59
2024-06-03,21.64,0.28,48.98,188.28,5.04,3.35,314.99
2024-06-04,26.14,0.0,50.87,177.67,12.33,5.72,10.07
2024-06-05,31.58,0.0,56.39,149.15,38.85,6.72,310.58
2024-06-06,22.24,1.18,56.4,155.93,35.94,4.34,318.52
2024-06-07,26.53,0.0,60.04,183.21,17.74,3.47,299.72
2024-06-08,32.25,0.22,47.26,176.77,2.62,13.24,351.5
2024-06-09,26.73,8.13,58.3,171.92,54.51,3.01,325.69
2024-06-10,24.16,0.0,61.35,173.39,11.65,3.73,246.26
2024-06-11,35.74,0.92,49.17,140.75,15.73,5.43,67.78
2024-06-12,24.73,0.0,48.75,187.36,24.49,9.28,37.39
2024-06-13,31.1,0.0,57.12,152.72,32.26,3.7,263.94
2024-06-14,29.73,0.0,52.93,143.26,17.67,3.42,275.15
2024-06-15,21.62,0.0,58.61,139.51,3.89,4.76,18.79
2024-06-16,25.98,0.0,56.96,144.09,41.14,3.14,293.51
2024-06-17,23.52,0.0,56.5,128.94,15.92,5.11,329.55
2024-06-18,26.33,0.0,61.37,117.35,20.23,4.1,357.29
2024-06-19,32.63,0.0,64.92,156.17,27.81,10.55,338.61
2024-06-20,21.38,1.64,55.05,125.83,42.54,5.39,287.69
2024-06-21,18.18,6.86,64.4,151.48,12.68,2.63,353.64
2024-06-22,34.69,0.0,45.77,135.56,46.6,11.35,354.65
2024-06-23,27.2,0.0,58.79,86.5,36.89,4.96,275.83
2024-06-24,33.3,0.0,52.67,140.02,12.21,2.82,291.02
2024-06-25,30.54,0.0,62.57,162.27,13.53,6.19,298.98
2024-06-26,26.21,1.04,57.69,104.45,17.68,5.1,237.6
2024-06-27,38.64,0.0,58.91,121.31,57.76,2.83,28.33
2024-06-28,39.34,0.91,67.44,142.21,22.64,3.45,354.31
2024-06-29,23.98,0.0,55.21,98.37,20.85,9.77,7.01
2024-06-30,21.21,0.0,39.4,127.65,12.82,4.75,287.71
2024-07-01,25.33,0.0,48.77,114.3,51.97,3.47,231.82
2024-07-02,24.86,0.0,45.01,131.61,44.36,8.03,298.05
2024-07-03,35.12,0.0,55.1,89.36,58.71,2.48,247.06
2024-07-04,26.03,2.52,51.9,71.71,46.34,5.54,276.49
2024-07-05,29.68,1.01,48.18,100.42,66.05,10.37,286.06
2024-07-06,24.07,0.0,64.87,77.4,25.45,7.6,304.87
2024-07-07,32.52,8.0,61.27,108.79,42.13,7.76,264.04
2024-07-08,34.09,0.0,58.89,70.73,41.56,2.38,308.66
2024-07-09,32.27,3.04,65.64,112.65,66.38,3.82,14.41
2024-07-10,31.48,4.33,54.25,89.78,43.12,4.66,40.83
2024-07-11,29.35,0.0,52.03,101.31,55.21,2.7,7.34
2024-07-12,23.78,1.14,50.38,98.62,56.74,3.91,9.58
2024-07-13,23.44,0.0,48.22,127.83,57.94,9.52,304.66
2024-07-14,25.54,0.0,63.75,64.85,29.75,3.04,337.24
2024-07-15,24.8,1.69,75.81,80.09,30.31,2.4,297.47
2024-07-16,23.7,0.0,64.03,101.05,48.82,3.41,7.96
2024-07-17,28.66,3.15,59.01,50.0,45.18,3.5,325.77
2024-07-18,33.92,3.57,48.63,87.9,32.24,2.73,261.52
2024-07-19,23.77,7.47,50.5,83.64,51.67,3.58,308.7
2024-07-20,33.86,0.0,60.61,50.0,47.93,5.96,324.32
2024-07-21,34.13,0.0,48.42,108.41,55.08,2.91,293.12
2024-07-22,22.21,0.0,67.36,84.57,71.88,5.51,348.08
2024-07-23,21.29,0.0,54.1,54.33,71.59,4.09,304.4
2024-07-24,23.33,0.0,44.09,70.98,49.35,2.93,342.23
2024-07-25,34.43,0.0,63.12,50.0,15.73,4.63,312.42
2024-07-26,24.53,0.0,69.21,82.53,43.18,2.15,334.31
2024-07-27,22.95,0.0,54.43,51.23,69.53,2.32,305.62
2024-07-28,28.63,0.0,53.16,66.96,45.62,7.79,273.29
2024-07-29,35.11,0.0,37.54,78.12,25.08,4.22,343.17
2024-07-30,22.98,3.43,53.34,56.68,54.65,3.53,350.01
2024-07-31,24.59,0.0,66.05,91.14,29.88,3.74,342.6
2024-08-01,36.27,0.0,56.18,68.61,61.74,2.13,274.89
2024-08-02,31.39,1.42,45.63,75.21,75.76,6.52,300.46
2024-08-03,20.75,0.0,52.66,50.0,43.14,3.09,332.66
2024-08-04,28.26,0.0,42.52,51.0,57.84,4.88,296.51
2024-08-05,25.33,3.36,58.36,52.86,55.42,4.62,246.91
2024-08-06,28.71,0.0,57.79,50.0,51.35,3.56,307.34
2024-08-07,20.78,0.0,61.28,68.78,44.35,3.04,311.35
2024-08-08,25.51,0.0,52.83,50.0,73.92,2.51,283.26
2024-08-09,28.43,3.51,70.0,58.0,83.5,3.68,287.66
2024-08-10,26.8,0.0,73.41,53.02,48.53,3.24,304.47
2024-08-11,33.56,1.5,51.57,56.9,51.9,4.36,273.41
2024-08-12,27.19,0.0,52.73,50.0,59.82,2.51,280.33
2024-08-13,20.74,0.0,63.09,62.24,69.8,2.6,22.55
2024-08-14,23.82,0.0,57.99,63.95,49.41,3.93,294.2
2024-08-15,23.26,5.7,57.48,50.0,39.65,2.4,26.93
2024-08-16,33.47,0.0,54.72,50.0,29.73,6.72,277.05
2024-08-17,29.56,0.0,61.28,50.0,68.64,4.41,353.19
2024-08-18,22.97,0.0,41.81,50.0,46.65,4.06,320.73
2024-08-19,33.56,4.41,50.54,73.98,56.43,3.02,331.49
2024-08-20,33.99,3.93,68.19,54.89,67.75,7.07,184.37
2024-08-21,23.83,2.45,57.25,98.78,62.09,5.29,2.3
2024-08-22,24.82,0.0,62.41,66.23,56.37,3.4,318.98
2024-08-23,29.87,0.0,61.37,65.31,73.7,3.62,241.6
2024-08-24,31.84,2.28,69.88,50.0,62.69,2.92,321.35
2024-08-25,29.04,4.56,63.82,68.65,70.52,2.59,299.13
2024-08-26,30.99,0.0,57.37,81.86,58.02,6.19,301.95
2024-08-27,33.76,0.0,61.65,54.17,66.78,7.26,202.94
2024-08-28,37.06,5.07,61.1,58.69,61.04,4.32,313.15
2024-08-29,30.81,0.0,59.38,50.0,86.38,8.39,25.74
2024-08-30,21.22,0.0,60.92,50.0,60.08,3.75,312.07
2024-08-31,30.94,0.0,38.73,50.0,54.99,7.79,320.1
2024-09-01,17.59,0.0,81.53,57.39,95.67,5.57,96.06
2024-09-02,18.58,3.45,71.39,50.0,53.83,2.91,98.78
2024-09-03,18.77,0.0,69.97,55.38,82.86,3.3,162.98
2024-09-04,18.8,0.0,64.22,50.0,70.82,6.71,163.87
2024-09-05,21.87,0.0,56.61,64.99,59.83,3.51,85.32
2024-09-06,27.38,2.85,59.76,68.36,78.04,3.93,122.83
2024-09-07,22.31,3.36,60.52,52.64,35.94,3.03,94.21
2024-09-08,20.47,0.0,61.79,50.0,79.34,3.75,125.28
2024-09-09,12.24,3.36,62.34,54.33,52.07,4.98,76.98
2024-09-10,20.27,0.0,53.04,70.19,74.4,4.83,17.74
2024-09-11,27.43,0.0,62.53,57.83,100.0,6.11,89.23
2024-09-12,19.82,0.0,66.7,53.88,69.17,11.88,182.79
2024-09-13,24.4,0.0,70.23,50.0,95.49,5.99,73.63
2024-09-14,27.47,0.0,57.55,64.03,48.37,4.24,122.68
2024-09-15,22.57,0.0,55.93,71.4,50.87,5.71,122.18
2024-09-16,18.27,6.71,60.88,59.48,46.02,4.3,71.97
2024-09-17,25.0,0.0,51.13,95.12,64.47,4.91,97.07
2024-09-18,26.63,0.0,59.02,50.0,61.87,3.91,59.3
2024-09-19,17.15,0.0,47.58,99.46,50.24,3.83,109.36
2024-09-20,23.42,0.0,66.23,84.38,72.62,7.2,121.57
2024-09-21,26.83,0.0,63.39,92.6,74.81,4.98,185.56
2024-09-22,22.46,0.0,84.05,125.17,55.82,3.76,139.38
2024-09-23,19.87,3.67,67.8,50.0,82.96,5.01,113.77
2024-09-24,19.38,0.0,72.68,50.0,58.98,3.51,60.1
2024-09-25,17.24,0.0,59.07,50.0,72.22,6.87,173.34
2024-09-26,28.63,0.0,63.61,60.35,67.16,6.45,51.52
2024-09-27,17.85,3.41,50.68,79.19,65.89,5.91,96.02
2024-09-28,20.86,4.26,52.42,79.24,91.43,3.84,76.19
2024-09-29,26.61,0.0,53.42,50.0,72.31,6.16,104.94
2024-09-30,14.02,0.0,72.1,58.98,56.29,8.01,77.36
2024-10-01,22.14,0.0,64.14,67.64,69.45,6.1,131.47
2024-10-02,16.77,0.0,80.2,123.83,75.98,4.42,40.06
2024-10-03,21.2,0.0,62.96,88.28,78.62,4.44,224.96
2024-10-04,15.59,0.0,55.76,139.33,91.21,7.93,209.74
2024-10-05,28.27,4.14,65.17,88.74,79.06,4.2,224.11
2024-10-06,21.18,0.0,65.13,85.99,69.14,4.09,341.91
2024-10-07,18.42,0.0,71.93,92.95,78.95,6.81,71.05
2024-10-08,31.07,0.0,59.92,77.42,73.4,4.74,171.13
2024-10-09,26.4,4.43,73.23,116.21,76.16,5.14,191.44
2024-10-10,18.43,6.29,73.69,109.38,71.16,5.35,136.83
2024-10-11,18.44,0.0,62.08,82.83,46.68,5.21,193.19
2024-10-12,19.44,0.0,61.5,92.11,63.92,4.66,97.27
2024-10-13,27.33,0.0,64.2,91.45,45.6,4.98,64.88
2024-10-14,22.94,0.0,60.57,96.74,60.02,9.66,153.72
2024-10-15,22.03,4.63,58.29,119.74,100.0,4.75,44.8
2024-10-16,24.38,4.23,59.74,99.2,46.33,5.45,218.41
2024-10-17,22.81,0.0,66.23,80.84,64.62,10.46,139.64
2024-10-18,21.44,4.87,62.47,122.6,75.37,5.39,158.12
2024-10-19,22.61,0.0,63.83,97.45,62.37,6.43,197.67
2024-10-20,20.46,0.0,55.64,123.25,57.52,7.57,39.68
2024-10-21,17.82,0.0,70.86,95.81,76.9,8.42,157.34
2024-10-22,13.73,6.26,73.32,127.1,53.5,7.29,112.09
2024-10-23,20.26,0.0,49.07,123.0,50.2,7.62,134.14
2024-10-24,24.67,0.0,62.38,101.64,81.59,8.17,221.53
2024-10-25,27.6,0.0,55.71,144.27,58.28,5.72,185.74
2024-10-26,26.21,0.0,80.24,131.8,67.0,9.05,105.95
2024-10-27,21.94,5.62,49.59,148.88,82.74,7.09,113.17
2024-10-28,20.07,5.32,69.26,124.2,75.12,5.83,122.19
2024-10-29,12.84,0.0,65.75,142.84,46.37,6.16,122.23
2024-10-30,19.29,5.6,72.37,114.4,60.36,7.99,159.28
2024-10-31,20.36,0.0,74.77,161.33,75.9,6.27,173.74
2024-11-01,21.12,6.23,61.58,170.88,34.43,7.38,121.36
2024-11-02,19.72,0.0,76.03,145.34,59.12,6.05,181.98
2024-11-03,13.73,0.0,78.75,176.4,50.95,10.28,127.95
2024-11-04,20.42,0.0,68.68,128.5,79.65,6.66,154.72
2024-11-05,21.05,4.83,60.99,146.93,67.54,11.89,198.72
2024-11-06,28.46,0.0,63.82,147.05,54.34,6.17,119.04
2024-11-07,26.64,0.0,70.42,165.9,60.73,5.75,229.42
2024-11-08,23.64,0.0,66.67,173.58,60.41,5.96,102.18
2024-11-09,23.95,0.0,65.61,198.52,69.68,11.11,258.78
2024-11-10,17.25,4.22,66.57,168.29,57.31,6.08,178.77
2024-11-11,28.82,5.65,66.48,181.78,57.16,6.51,19.38
2024-11-12,18.19,0.0,77.54,223.42,59.44,6.87,89.47
2024-11-13,18.54,4.42,65.01,135.76,47.14,6.99,225.57
2024-11-14,26.66,0.0,61.56,162.13,59.88,8.6,145.68
2024-11-15,22.12,0.0,56.4,205.21,60.58,9.39,223.44
2024-11-16,20.75,0.0,63.7,172.73,49.84,7.0,189.33
2024-11-17,26.4,4.63,69.46,201.57,53.22,8.76,133.93
2024-11-18,21.07,0.0,71.73,163.26,61.69,10.98,13.57
2024-11-19,14.67,4.12,78.85,181.48,38.61,7.67,53.49
2024-11-20,26.7,9.2,65.24,213.8,55.46,7.99,217.72
2024-11-21,27.68,0.0,62.72,200.42,60.82,7.56,158.79
2024-11-22,16.39,0.0,74.28,194.54,44.92,7.02,195.68
2024-11-23,16.7,4.22,79.62,203.84,82.96,6.6,108.96
2024-11-24,30.07,0.0,53.72,236.64,55.9,6.71,124.85
2024-11-25,17.83,5.66,66.29,208.91,50.34,8.73,233.01
2024-11-26,20.5,0.0,72.18,187.7,59.71,7.96,130.25
2024-11-27,17.87,0.0,58.4,208.69,46.45,7.08,164.24
2024-11-28,26.69,0.0,62.65,236.45,40.22,7.52,86.95
2024-11-29,13.86,0.0,69.56,179.0,38.04,8.15,232.38
2024-11-30,16.8,0.0,67.88,206.15,45.18,6.9,134.69
2024-12-01,5.32,6.26,85.68,202.79,47.88,11.32,118.15
2024-12-02,18.82,5.39,83.67,211.15,61.25,7.44,114.8
2024-12-03,6.47,0.0,77.46,231.29,61.68,9.83,175.7
2024-12-04,9.19,0.0,76.4,249.72,55.88,7.25,135.95
2024-12-05,14.99,4.95,71.26,243.83,30.4,7.76,119.52
2024-12-06,19.56,4.18,75.37,200.15,37.7,7.91,81.68
2024-12-07,16.77,0.0,76.58,238.06,55.42,9.67,74.17
2024-12-08,9.88,4.66,70.53,212.47,42.76,8.68,134.5
2024-12-09,19.09,0.0,64.01,248.13,40.94,10.3,160.54
2024-12-10,17.8,0.0,72.96,235.73,34.37,7.75,206.08
2024-12-11,12.38,0.0,78.14,276.15,31.86,8.19,182.41
2024-12-12,10.31,0.0,85.77,241.79,34.71,8.34,171.0
2024-12-13,20.04,0.0,70.4,251.03,45.07,8.45,119.99
2024-12-14,13.43,0.0,70.67,245.12,34.95,7.61,154.18
2024-12-15,15.81,0.0,81.12,295.43,49.14,8.21,81.97
2024-12-16,18.6,0.0,67.59,234.47,44.58,11.34,271.81
2024-12-17,12.51,0.0,72.91,288.73,40.23,7.99,125.95
2024-12-18,14.68,10.07,66.04,275.8,38.19,14.41,58.6
2024-12-19,7.19,0.0,77.01,234.62,18.12,8.49,146.14
2024-12-20,12.55,5.54,76.64,245.58,52.32,12.94,188.74
2024-12-21,13.58,6.12,69.61,261.22,53.7,10.32,180.25
2024-12-22,14.04,3.95,68.35,264.97,44.59,19.27,141.78
2024-12-23,10.6,4.49,73.52,275.93,31.48,11.98,131.49
2024-12-24,8.52,0.0,72.18,293.39,45.46,11.09,45.35
2024-12-25,8.16,6.49,72.4,299.03,20.3,10.98,115.3
2024-12-26,10.31,0.0,78.83,305.07,16.9,8.12,191.74
2024-12-27,16.29,0.0,72.62,299.56,55.64,12.22,155.1
2024-12-28,8.5,5.1,80.59,269.64,44.02,9.06,202.97
2024-12-29,13.66,0.0,76.11,280.48,44.77,9.28,75.34
2024-12-30,8.67,3.76,94.08,303.54,24.34,8.49,111.85
2024-12-31,16.04,3.71,71.14,283.65,79.42,8.59,182.57
2025-01-01,14.62,0.0,74.23,300.31,28.07,9.82,296.17
2025-01-02,18.84,0.0,74.77,297.9,42.35,11.09,67.49
2025-01-03,12.14,0.0,77.16,301.68,21.55,8.47,156.09
2025-01-04,15.85,0.0,62.57,259.14,30.35,9.04,216.01
2025-01-05,17.61,0.0,64.5,351.79,47.28,11.49,117.9
2025-01-06,18.0,0.0,72.3,319.81,32.36,9.96,119.69
2025-01-07,14.58,0.0,83.21,275.35,17.85,8.58,130.45
2025-01-08,10.12,0.0,56.07,295.53,25.8,11.61,23.83
2025-01-09,16.09,0.0,87.52,284.52,0.0,8.74,138.85
2025-01-10,14.12,0.0,63.69,327.96,28.52,8.07,211.78
2025-01-11,14.98,0.0,95.0,333.88,1.53,16.42,135.43
2025-01-12,10.08,0.0,71.51,322.36,25.0,9.15,59.06
2025-01-13,13.06,0.0,79.33,259.27,3.48,9.49,118.86
2025-01-14,11.14,0.0,66.23,353.15,12.39,11.75,205.62
2025-01-15,7.16,0.0,74.75,335.13,2.46,10.0,90.95
2025-01-16,9.57,0.0,72.87,294.86,17.12,18.92,134.55
2025-01-17,10.57,0.0,81.93,320.56,34.26,8.73,175.27
2025-01-18,14.06,7.01,65.82,311.47,19.82,9.36,218.75
2025-01-19,20.85,0.0,76.2,327.6,25.45,11.51,167.46
2025-01-20,13.17,0.0,77.76,346.22,25.57,8.8,250.06
2025-01-21,10.75,3.92,77.68,337.62,19.57,13.65,279.54
2025-01-22,15.62,4.64,80.79,328.03,0.0,8.03,82.69
2025-01-23,12.86,0.0,88.17,354.94,26.99,16.38,156.79
2025-01-24,13.46,0.0,71.25,328.39,0.0,10.52,167.7
2025-01-25,18.91,3.25,65.89,368.11,30.33,15.99,115.21
2025-01-26,8.72,0.0,80.7,308.6,0.19,8.29,89.44
2025-01-27,8.79,3.9,81.74,312.42,0.0,11.45,62.14
2025-01-28,14.64,0.0,75.28,312.09,0.0,8.12,338.25
2025-01-29,17.9,9.06,84.24,327.06,18.08,11.91,149.28
2025-01-30,19.48,7.27,70.71,356.06,0.0,10.47,126.13
2025-01-31,12.58,2.96,70.87,363.77,1.82,8.1,138.96
2025-02-01,13.97,2.98,79.22,330.15,20.66,11.12,109.37
2025-02-02,15.64,0.0,71.56,298.79,0.62,9.23,108.94
2025-02-03,18.72,4.18,86.73,340.17,8.73,9.55,232.03
2025-02-04,12.31,0.0,70.76,310.36,9.61,8.06,128.16
2025-02-05,10.61,0.0,83.53,355.82,17.14,9.35,99.87
2025-02-06,11.44,3.85,70.16,336.62,0.0,8.3,140.03
2025-02-07,10.87,0.0,73.2,350.29,29.57,10.72,135.6
2025-02-08,17.01,3.4,71.12,372.68,5.26,9.79,187.4
2025-02-09,16.69,0.0,80.97,362.48,0.0,11.79,151.62
2025-02-10,8.41,3.24,51.98,351.51,10.43,8.35,40.29
2025-02-11,17.04,0.0,76.85,338.64,0.8,8.88,75.66
2025-02-12,15.93,0.0,70.99,327.82,14.11,8.33,136.64
2025-02-13,13.64,0.0,67.38,391.62,5.38,11.52,3.87
2025-02-14,14.86,0.0,70.65,399.34,10.96,7.91,268.63
2025-02-15,20.33,0.0,71.34,364.84,0.0,10.26,113.24
2025-02-16,11.38,0.0,61.93,371.34,3.19,9.22,170.74
2025-02-17,12.71,0.0,67.34,391.4,0.0,12.47,162.54
2025-02-18,10.49,2.29,75.76,327.92,8.89,11.05,93.14
2025-02-19,14.04,5.51,69.11,345.54,0.0,9.15,111.02
2025-02-20,7.81,5.04,84.46,345.61,0.0,8.53,145.72
2025-02-21,11.31,0.0,73.4,379.21,0.0,9.84,116.48
2025-02-22,14.08,0.0,78.39,349.05,0.0,8.17,242.12
2025-02-23,12.1,0.0,65.73,314.26,0.0,9.45,139.02
2025-02-24,6.48,0.0,57.54,359.6,0.0,11.91,177.31
2025-02-25,12.06,3.46,70.59,355.15,0.0,9.79,172.31
2025-02-26,8.04,0.0,78.63,341.74,0.0,10.73,118.71
2025-02-27,15.89,0.0,77.83,372.68,0.0,14.24,48.83
2025-02-28,11.87,0.0,60.29,328.37,0.0,9.55,210.66
2025-03-01,15.13,1.95,53.91,356.1,0.0,8.39,118.37
2025-03-02,20.58,2.16,50.41,314.21,0.0,10.53,94.0
2025-03-03,15.3,0.0,57.78,353.43,0.0,7.72,100.39
2025-03-04,24.59,1.84,66.82,363.04,0.0,10.0,254.01
2025-03-05,13.73,0.0,75.71,384.09,0.0,9.55,188.89
2025-03-06,17.87,0.0,72.09,375.98,0.0,7.61,184.17
2025-03-07,22.3,1.93,71.13,325.41,1.89,11.97,13.57
2025-03-08,19.5,0.0,72.04,350.5,0.0,8.35,151.02
2025-03-09,18.1,4.08,58.63,317.22,0.0,13.23,169.77
2025-03-10,21.55,3.05,60.05,335.5,0.0,7.75,103.17
2025-03-11,16.92,0.0,59.28,361.61,0.0,8.13,151.69
2025-03-12,16.48,0.0,59.37,335.12,2.23,11.01,194.6
2025-03-13,19.77,0.0,78.34,313.45,0.0,10.44,46.83
2025-03-14,17.42,0.0,69.91,385.3,0.0,11.18,133.19
2025-03-15,18.27,3.89,71.24,337.9,1.17,10.27,243.26
2025-03-16,21.99,0.0,64.37,315.21,0.0,8.5,169.26
2025-03-17,21.08,0.0,57.08,338.13,0.0,12.06,165.84
2025-03-18,19.19,0.0,69.26,343.95,5.6,7.01,176.72
2025-03-19,21.87,0.0,72.79,306.02,0.0,7.63,132.62
2025-03-20,19.78,0.0,72.38,372.66,0.0,7.08,70.14
2025-03-21,22.73,0.0,62.46,325.72,10.4,9.92,164.32
2025-03-22,20.92,0.0,71.06,339.5,24.67,11.66,169.03
2025-03-23,27.2,0.0,63.45,313.69,0.0,8.43,56.57
2025-03-24,15.77,0.0,62.92,311.28,0.0,6.68,230.5
2025-03-25,20.64,0.0,60.1,360.71,1.92,11.36,85.76
2025-03-26,9.63,0.0,65.35,289.01,8.19,8.73,230.51
2025-03-27,20.12,0.0,66.13,297.63,0.0,9.72,46.37
2025-03-28,21.11,0.0,65.86,338.1,9.26,6.64,178.49
2025-03-29,22.72,0.0,73.73,278.87,0.0,8.56,111.89
2025-03-30,17.94,2.07,75.8,323.25,0.0,7.34,219.89
2025-03-31,15.58,1.27,50.86,308.49,0.0,9.77,134.29
2025-04-01,16.59,1.27,54.84,318.62,16.56,9.01,259.4
2025-04-02,13.21,2.45,74.44,298.39,15.71,7.64,131.11
2025-04-03,22.1,0.0,54.16,297.57,0.0,6.51,102.42
2025-04-04,19.61,0.0,63.57,330.63,0.0,6.37,67.73
2025-04-05,18.15,0.0,63.32,286.95,7.55,10.72,205.81
2025-04-06,22.63,0.84,62.24,321.24,0.0,8.54,165.18
2025-04-07,23.91,0.0,55.91,326.86,0.0,6.37,244.97
2025-04-08,14.34,0.0,75.93,308.53,7.72,9.78,128.17
2025-04-09,18.29,0.0,75.54,333.66,0.0,6.4,171.23
2025-04-10,24.54,4.16,66.75,327.42,0.0,6.21,200.7
2025-04-11,19.97,2.63,74.36,286.35,0.0,6.21,229.15
2025-04-12,21.18,0.0,61.87,305.77,0.0,10.21,103.81
2025-04-13,17.95,0.55,58.38,327.47,0.0,5.9,198.92
2025-04-14,14.65,0.0,64.02,287.01,0.0,5.95,25.54
2025-04-15,13.35,1.9,72.62,318.08,0.0,6.82,208.86
2025-04-16,15.2,0.0,66.64,264.33,0.0,7.49,209.86
2025-04-17,14.29,0.0,69.19,283.94,0.0,5.64,22.8
2025-04-18,20.47,1.98,54.69,311.32,4.6,6.13,201.11
2025-04-19,21.09,0.0,65.83,285.82,7.67,9.85,153.28
2025-04-20,25.27,0.79,68.19,334.86,16.29,7.96,220.75
2025-04-21,21.37,0.0,62.92,339.06,0.0,8.23,131.46
2025-04-22,20.16,0.0,64.67,288.76,0.0,5.19,122.02
2025-04-23,17.15,0.0,54.55,287.07,0.0,8.89,173.74
2025-04-24,20.24,0.0,64.29,291.07,0.0,6.23,115.32
2025-04-25,19.11,0.84,58.98,249.99,21.4,5.95,88.15
2025-04-26,12.76,0.0,60.5,255.05,0.0,6.66,87.77
2025-04-27,25.46,0.0,69.5,275.33,23.84,4.95,186.46
2025-04-28,14.2,0.0,63.21,271.66,10.95,7.42,136.49
2025-04-29,25.24,0.0,65.11,289.69,0.0,4.96,172.86
2025-04-30,21.1,0.0,63.76,286.03,0.0,4.97,112.67
2025-05-01,19.17,0.63,64.17,244.11,0.0,4.74,196.77
2025-05-02,20.24,1.34,73.41,259.45,0.0,8.68,237.09
2025-05-03,18.88,1.15,67.12,251.95,0.0,5.64,174.16
2025-05-04,15.69,1.18,61.51,247.12,23.43,4.57,61.87
2025-05-05,14.68,3.44,62.83,240.12,0.0,4.98,40.66
2025-05-06,8.89,0.0,61.99,266.17,0.0,6.07,152.36
2025-05-07,22.13,0.0,70.2,214.82,22.44,5.51,136.65
2025-05-08,21.26,0.28,53.09,244.33,0.0,5.78,152.34
2025-05-09,18.27,0.0,75.09,261.5,0.77,5.17,49.72
2025-05-10,11.48,0.0,70.88,239.58,0.0,5.94,66.54
2025-05-11,22.07,0.98,64.68,273.22,0.0,5.64,139.85
2025-05-12,16.79,0.84,55.6,213.57,13.05,4.54,46.85
2025-05-13,24.0,0.0,75.49,189.06,18.37,4.55,35.22
2025-05-14,20.15,0.0,74.51,270.25,0.0,5.49,156.35
2025-05-15,16.99,0.0,53.86,221.32,0.0,6.41,188.09
2025-05-16,10.72,0.96,61.7,228.1,0.0,4.73,113.13
2025-05-17,22.74,0.0,64.29,206.68,0.0,6.76,116.91
2025-05-18,24.4,0.0,66.61,207.14,13.46,6.34,156.21
2025-05-19,21.78,0.0,57.86,213.46,0.0,5.87,157.88
2025-05-20,22.62,0.63,65.91,218.19,16.88,9.21,230.66
2025-05-21,19.52,0.0,70.93,214.06,0.0,3.77,69.6
2025-05-22,21.86,0.0,50.7,199.68,0.0,10.05,54.8
2025-05-23,22.17,0.0,52.91,224.53,2.12,5.38,175.5
2025-05-24,23.08,3.83,67.9,200.06,7.06,7.53,39.75
2025-05-25,24.82,0.0,53.12,185.77,0.0,5.95,175.37
2025-05-26,13.65,0.0,77.99,176.11,1.59,6.77,43.86
2025-05-27,22.98,0.0,72.1,194.35,5.2,6.69,189.33
2025-05-28,12.46,1.42,66.29,202.77,16.28,4.47,183.6
2025-05-29,21.79,0.0,65.25,190.21,22.56,3.45,59.26
2025-05-30,18.08,0.0,56.82,170.79,24.82,4.79,122.5
2025-05-31,19.56,0.0,59.19,214.63,0.0,5.21,117.84
2025-06-01,28.86,0.0,61.9,186.73,14.47,3.26,334.58
2025-06-02,30.17,0.97,52.77,201.93,0.0,3.41,347.4
2025-06-03,25.79,0.0,56.14,187.88,0.0,4.16,286.07
2025-06-04,28.37,0.0,55.65,179.26,28.4,3.26,344.26
2025-06-05,27.28,0.0,64.19,187.02,23.26,5.44,254.22
2025-06-06,23.93,0.0,57.49,140.0,9.95,3.11,329.72
2025-06-07,32.36,0.0,52.83,191.97,0.0,3.35,298.28
2025-06-08,28.4,0.0,54.7,160.97,22.38,3.12,281.09
2025-06-09,21.14,0.0,59.17,137.45,12.8,3.53,283.19
2025-06-10,24.7,1.84,54.61,164.51,8.12,6.89,320.56
2025-06-11,24.57,0.0,44.03,158.98,5.46,3.23,349.82
2025-06-12,27.46,0.0,62.24,191.63,25.4,4.45,310.74
2025-06-13,27.23,0.0,54.63,147.53,36.45,5.96,7.33
2025-06-14,21.34,2.99,70.64,132.28,0.0,8.43,235.49
2025-06-15,33.23,0.0,53.27,119.76,0.0,5.74,320.42
2025-06-16,32.0,2.93,60.57,169.84,6.87,3.26,14.06
2025-06-17,30.68,0.0,55.03,178.38,29.21,3.17,254.33
2025-06-18,29.34,0.0,53.89,134.25,51.53,5.12,322.46
2025-06-19,31.07,0.0,48.56,149.48,36.51,4.46,306.58
2025-06-20,36.8,0.0,49.95,146.67,12.72,3.67,317.55
2025-06-21,22.2,0.0,63.38,170.7,30.56,2.64,296.78
2025-06-22,31.12,0.0,58.28,136.38,46.09,7.01,274.54
2025-06-23,22.41,0.92,57.1,142.42,20.7,4.16,359.09
2025-06-24,23.64,1.75,47.59,120.5,40.4,3.65,178.89
2025-06-25,38.6,0.43,69.41,147.61,39.82,4.44,297.38
2025-06-26,31.71,0.7,65.47,112.61,11.44,6.81,332.02
2025-06-27,33.11,0.4,65.33,110.97,15.01,3.79,43.7
2025-06-28,36.41,0.0,64.95,154.86,36.47,2.96,350.66
2025-06-29,33.38,2.97,48.39,97.71,16.43,4.3,252.49
2025-06-30,23.9,1.83,53.12,125.68,32.29,4.49,264.86
2025-07-01,25.02,0.0,57.21,121.72,19.99,4.4,344.37
2025-07-02,29.45,2.66,59.03,96.49,51.48,3.31,292.53
2025-07-03,25.35,0.0,55.46,93.7,40.23,2.72,303.27
2025-07-04,36.55,0.0,52.3,113.07,21.52,9.45,209.2
2025-07-05,23.41,0.0,63.57,137.35,12.98,3.2,196.5
2025-07-06,26.21,0.0,64.09,134.92,39.11,4.85,356.93
2025-07-07,22.79,0.0,46.33,71.31,32.94,2.5,259.97
2025-07-08,33.42,0.65,47.97,114.89,36.51,2.16,9.81
2025-07-09,19.48,1.89,43.79,87.02,39.0,3.12,319.29
2025-07-10,34.36,0.0,60.58,60.72,44.58,3.23,293.37
2025-07-11,18.83,0.0,60.02,84.11,34.97,3.67,30.97
2025-07-12,37.87,2.27,72.17,125.33,32.53,5.84,9.86
2025-07-13,25.07,1.26,47.53,120.42,38.3,2.16,250.04
2025-07-14,29.98,0.0,58.68,117.07,62.54,2.21,351.12
2025-07-15,24.54,0.0,59.4,78.64,61.53,2.46,304.78
2025-07-16,31.7,0.0,59.9,81.75,45.02,4.27,352.75
2025-07-17,23.24,0.0,51.96,84.68,37.52,5.06,268.71
2025-07-18,30.67,1.87,52.15,83.64,56.39,2.1,293.53
2025-07-19,30.57,3.91,58.88,77.95,37.6,4.82,331.09
2025-07-20,34.0,0.0,67.87,87.67,56.55,5.7,258.84
2025-07-21,24.34,0.0,47.97,50.0,31.85,4.7,301.17
2025-07-22,26.35,0.0,57.67,50.0,38.77,4.73,294.06
2025-07-23,25.94,0.0,47.02,79.27,32.24,2.92,273.34
2025-07-24,23.22,0.0,61.83,71.67,81.98,2.92,338.25
2025-07-25,31.74,0.0,76.38,70.29,37.37,4.56,320.27
2025-07-26,34.7,1.3,45.3,53.78,68.7,6.09,261.9
2025-07-27,19.86,0.0,43.62,86.88,34.58,7.98,21.91
2025-07-28,25.85,0.0,51.93,75.92,69.07,2.76,270.76
2025-07-29,28.18,0.0,49.32,50.0,28.38,3.29,274.04
2025-07-30,22.18,1.48,48.01,50.0,39.31,2.77,346.61
2025-07-31,28.19,0.0,62.73,70.72,63.33,2.73,357.95
2025-08-01,22.34,0.0,56.14,50.0,21.57,5.15,328.01
2025-08-02,25.83,0.0,57.4,62.22,82.95,7.5,313.05
2025-08-03,25.28,0.0,52.31,50.0,43.86,3.37,40.23
2025-08-04,25.66,0.0,50.83,50.0,67.67,4.11,307.62
2025-08-05,34.5,0.0,53.4,50.0,36.06,4.07,335.41
2025-08-06,30.94,0.0,57.99,50.0,48.21,2.58,233.34
2025-08-07,27.67,0.0,62.37,50.0,46.8,6.81,314.98
2025-08-08,22.81,4.38,57.54,50.0,44.37,2.11,257.47
2025-08-09,32.3,0.0,50.11,112.69,62.39,3.97,10.21
2025-08-10,27.93,0.0,44.48,63.01,35.83,3.8,282.87
2025-08-11,33.15,0.0,42.27,50.0,65.86,3.86,291.04
2025-08-12,30.65,0.0,47.93,82.41,55.84,2.4,257.45
2025-08-13,37.04,2.03,56.81,56.39,62.61,2.52,246.96
2025-08-14,25.64,0.0,40.1,50.0,52.08,4.16,317.23
2025-08-15,22.13,3.74,51.68,50.0,81.65,2.22,342.45
2025-08-16,34.0,0.0,54.93,50.0,71.65,4.54,9.69
2025-08-17,26.11,0.0,52.76,50.0,77.97,3.91,346.49
2025-08-18,24.95,0.0,68.53,55.62,71.59,2.53,318.33
2025-08-19,32.79,0.0,62.1,50.21,66.97,5.93,288.44
2025-08-20,17.9,3.68,50.37,66.8,64.94,4.84,317.34
2025-08-21,25.23,2.64,58.98,105.65,49.47,4.57,281.12
2025-08-22,22.48,0.0,52.55,69.16,54.57,4.24,330.09
2025-08-23,24.34,0.0,56.25,58.19,91.41,2.88,277.09
2025-08-24,30.8,0.0,55.37,50.34,75.85,5.35,249.53
2025-08-25,29.64,0.0,50.79,50.57,67.17,4.48,1.25
2025-08-26,19.85,2.05,51.39,93.69,39.35,3.04,344.73
2025-08-27,30.28,0.0,63.17,50.0,48.77,2.88,43.98
2025-08-28,21.98,0.0,47.03,71.21,56.76,11.81,281.62
2025-08-29,23.32,0.0,60.56,50.0,51.59,2.91,43.73
2025-08-30,32.45,0.0,55.41,50.0,62.53,2.75,1.02
2025-08-31,31.26,0.0,55.75,61.13,82.29,5.5,272.7
2025-09-01,23.82,0.0,62.52,71.99,83.16,4.9,140.18
2025-09-02,21.35,0.0,68.32,50.0,62.47,4.67,100.02
2025-09-03,32.52,0.0,55.29,57.04,71.49,5.39,348.51
2025-09-04,19.23,0.0,57.65,78.61,98.93,4.38,119.55
2025-09-05,29.68,0.0,60.69,63.48,69.19,3.48,156.44
2025-09-06,15.68,8.59,68.83,78.48,70.53,6.49,92.33
2025-09-07,15.37,2.5,65.33,52.32,65.67,9.39,40.61
2025-09-08,18.55,0.0,66.45,50.0,77.02,3.07,97.57
2025-09-09,23.7,2.52,76.83,50.0,92.22,3.19,187.57
2025-09-10,21.04,3.99,76.78,50.0,60.42,3.32,109.57
2025-09-11,21.68,0.0,53.92,50.0,49.62,12.86,93.71
2025-09-12,20.89,0.0,48.09,61.11,60.58,3.58,118.62
2025-09-13,19.7,0.0,60.24,50.0,69.64,4.72,63.56
2025-09-14,28.13,5.65,64.14,50.0,60.79,6.19,153.7
2025-09-15,17.48,4.99,71.12,70.48,53.52,3.65,161.96
2025-09-16,18.43,0.0,74.91,62.45,77.29,8.33,143.62
2025-09-17,15.26,0.0,65.73,50.0,90.77,5.39,124.97
2025-09-18,15.29,0.0,56.72,66.23,61.33,5.63,76.05
2025-09-19,19.46,0.0,63.24,50.0,87.49,4.45,25.71
2025-09-20,21.66,0.0,65.71,77.31,54.63,3.3,261.73
2025-09-21,24.94,0.0,68.62,88.14,80.46,3.79,118.1
2025-09-22,21.96,0.0,55.3,54.57,43.67,8.35,154.57
2025-09-23,20.98,0.0,63.83,62.69,68.55,4.46,127.57
2025-09-24,26.7,3.7,66.04,105.64,58.27,6.79,121.25
2025-09-25,21.23,0.0,68.15,103.02,58.1,5.41,91.76
2025-09-26,22.94,3.93,62.77,69.33,53.93,8.42,134.87
2025-09-27,20.18,0.0,72.22,55.82,81.22,6.24,114.19
2025-09-28,28.69,0.0,73.96,90.85,89.72,6.18,248.38
2025-09-29,18.97,3.54,60.08,83.37,76.97,4.13,189.55
2025-09-30,24.41,4.27,68.84,72.28,89.25,4.99,197.68
2025-10-01,27.85,6.47,70.16,132.17,90.31,4.32,116.4
2025-10-02,14.97,0.0,65.86,78.49,32.45,4.39,100.2
2025-10-03,16.61,0.0,56.06,106.07,68.48,4.34,120.18
2025-10-04,20.91,0.0,65.18,75.85,59.09,4.53,203.3
2025-10-05,24.87,0.0,62.18,80.7,91.33,5.45,2.5
2025-10-06,25.34,0.0,61.11,70.33,79.26,5.39,227.93
2025-10-07,18.32,0.0,62.35,73.63,46.7,7.23,131.76
2025-10-08,17.82,0.0,78.82,93.26,76.54,6.21,114.94
2025-10-09,21.82,4.35,68.88,97.94,41.78,5.63,115.6
2025-10-10,18.67,0.0,66.52,94.69,36.02,5.1,149.42
2025-10-11,15.07,0.0,58.87,108.47,76.17,4.99,130.82
2025-10-12,24.5,0.0,64.53,80.85,77.05,4.85,204.36
2025-10-13,23.59,0.0,69.85,101.26,63.58,5.39,276.14
2025-10-14,15.36,4.39,56.24,89.12,71.01,4.53,190.16
2025-10-15,16.22,0.0,68.23,117.87,47.09,6.08,38.94
2025-10-16,25.69,4.82,53.18,131.08,80.46,4.9,136.92
2025-10-17,13.11,0.0,59.71,127.5,91.68,6.58,296.63
2025-10-18,24.55,0.0,68.23,72.61,92.19,4.74,326.47
2025-10-19,19.27,0.0,70.72,105.81,54.17,7.48,69.68
2025-10-20,20.83,0.0,55.85,85.62,74.87,5.01,277.91
2025-10-21,20.97,0.0,68.64,124.46,55.06,6.25,136.62
2025-10-22,27.01,3.83,57.99,119.64,79.32,8.06,97.75
2025-10-23,17.27,4.23,54.52,119.95,37.76,5.0,247.86
2025-10-24,26.92,0.0,74.31,91.69,62.16,6.72,118.41
2025-10-25,25.98,0.0,61.32,121.05,79.96,5.41,176.45
2025-10-26,26.33,0.0,57.79,158.69,79.46,6.39,116.44
2025-10-27,24.77,0.0,59.74,187.35,83.73,7.05,197.68
2025-10-28,26.08,4.03,65.93,152.75,84.23,5.36,115.42
2025-10-29,21.36,6.26,71.6,132.98,60.15,6.24,126.81
2025-10-30,18.84,0.0,69.25,154.75,66.91,12.5,108.38
2025-10-31,22.49,9.05,69.32,176.82,47.06,5.33,156.35
2025-11-01,21.39,0.0,64.46,147.17,40.93,7.01,40.11
2025-11-02,22.51,4.75,56.34,132.94,52.55,7.32,8.66
2025-11-03,26.24,4.99,70.32,130.34,47.88,9.05,1.31
2025-11-04,24.75,0.0,64.75,129.5,39.85,6.43,152.42
2025-11-05,17.63,0.0,81.43,137.64,68.0,7.94,174.07
2025-11-06,17.23,0.0,70.96,147.82,47.97,5.93,107.44
2025-11-07,24.41,0.0,74.27,150.74,74.39,8.23,163.99
2025-11-08,22.96,0.0,60.8,132.87,63.5,6.54,170.69
2025-11-09,16.14,0.0,66.27,142.69,76.72,5.88,50.46
2025-11-10,15.52,0.0,74.42,178.06,78.88,6.81,193.15
2025-11-11,27.16,4.14,70.45,181.7,47.19,6.49,121.31
2025-11-12,22.82,0.0,77.53,167.78,60.85,6.25,195.1
2025-11-13,18.29,5.25,77.59,164.25,52.78,8.44,163.91
2025-11-14,19.54,5.81,69.08,191.24,68.62,6.27,51.35
2025-11-15,19.18,0.0,66.6,176.39,53.43,6.96,162.22
2025-11-16,25.84,8.59,57.89,183.63,62.45,7.2,140.28
2025-11-17,28.58,4.0,70.41,186.38,57.63,7.59,143.82
2025-11-18,26.21,0.0,65.55,184.11,65.1,7.5,198.24
2025-11-19,24.16,0.0,70.73,185.24,61.3,7.7,240.01
2025-11-20,19.58,0.0,77.22,221.86,54.51,7.71,194.68
2025-11-21,20.72,0.0,56.4,231.73,74.98,7.44,156.86
2025-11-22,21.03,0.0,55.64,183.15,56.56,10.99,50.83
2025-11-23,15.98,5.41,61.4,165.98,62.22,7.15,44.13
